rnd_const,rnd_normal,rnd_geo
0.171754645709862,0.813587624069135,26
0.290852065820345,1.191235865582533,0
0.777469040456812,-0.608625232557617,16
0.2910912357651689,-1.04607911395806,0
0.308656716044168,-0.15061959207526,25
0.798012646499956,-0.03098588885091,1
0.74671959574965,-0.968059370408324,23
0.295952869468914,-0.155170839090194,17
